Timestamp,Item,Cost,Recommendation
2025-06-23_08-43-48,Keyboard,200,Clean before disposal. Remove batteries if any.
2025-06-27_11-11-37,Television,2500,Do not try to open or fix cathode-ray TVs. Risk of electric shock.
2025-06-27_11-11-56,Mobile,100,Remove SIM and SD cards
2025-07-03_12-07-43,Television,2500,Do not try to open or fix cathode-ray TVs. Risk of electric shock.
2025-07-03_12-08-15,Mouse,150,Remove batteries. Clean and test for reuse before disposal.
2025-07-03_12-08-33,Mobile,100,Remove SIM and SD cards
